dataset,split gap 2,task1,recall,precision,F1 score,task2,HR@10,NDCG@10
fr,12,anomaly_detection,0.6590909090909091,0.5858585858585859,0.6203208556149733,behavior_prediction,0.9425287356321839,0.6152692004118001
fr,24,anomaly_detection,0.9886363636363636,0.7631578947368421,0.8613861386138614,behavior_prediction,0.9195402298850575,0.567501099628176
fr,36,anomaly_detection,0.7727272727272727,0.8831168831168831,0.8242424242424242,behavior_prediction,0.9310344827586207,0.5280572329346521
fr,48,anomaly_detection,1.0,0.6821705426356589,0.8110599078341014,behavior_prediction,0.9425287356321839,0.7161745288578616
sp,12,anomaly_detection,0.9313186813186813,0.853904282115869,0.8909329829172141,behavior_prediction,0.9752407152682255,0.6365027103508867
sp,24,anomaly_detection,0.9903846153846154,0.8573127229488704,0.9190567240280433,behavior_prediction,0.9312242090784044,0.6187875567116309
sp,36,anomaly_detection,1.0,0.8666666666666667,0.9285714285714286,behavior_prediction,0.9408528198074277,0.7075375186184536
sp,48,anomaly_detection,0.9326923076923077,0.8852672750977836,0.9083612040133778,behavior_prediction,0.9834938101788171,0.6819975995130745
