module,LLM type,task1,recall,precision,F1 score,task2,HR@10,NDCG@10
without_all,Llama_70B,anomaly_detection,0.21212121212121213,0.275,0.23950233281493002,behavior_prediction,0.14580467675378267,0.07736560168858589
without_SSC,Llama_70B,anomaly_detection,0.17355371900826447,0.45652173913043476,0.25149700598802394,behavior_prediction,0.9298486932599724,0.4818503554766805
without_TSS,Llama_70B,anomaly_detection,0.35537190082644626,0.6323529411764706,0.45502645502645506,behavior_prediction,0.6258596973865199,0.31611755161800315
without_GSS,Llama_70B,anomaly_detection,1.0,0.778969957081545,0.8757539203860072,behavior_prediction,0.2297111416781293,0.15225771394555793
all,Llama_70B,anomaly_detection,1.0,0.7995594713656388,0.8886168910648714,behavior_prediction,0.9477303988995873,0.6520548890646454
